,ID,comment,like_num
0, Ji na  ,삼성은 기억하라!!! 사람들은 !!!! 디자인에 약하다!!!!!!!!!!,"
        18
      "
1, kakakk oau  ,용달 블루 색상 뽑던 삼성이 맞나?가슴이 웅장해 진다,"
        123
      "
2, IKO SE  ,근데 색깔좀 약간 아이폰11처럼 파스텔톤의 뽀샤시한 색깔 좀 낼 수 없나..? 맨날 중후한 색 아니면 너무 튀는 색만 내는듯..,"
        169
      "
3, 중붕이  ,s6감성의 광고도 만들어줘...기능도 좋지만 이제 삼성은 감성을 팔아야 할 거 같아...,"
        104
      "
4, 홍신연  ,태어나지못한 11 12 13 14 15 16 17 18 19 의 저주로 인덕션이 저리 커지고 카툭튀도 툭 튀어나온건가... 색은 참 이쁘다,"
        56
      "
5, 앙추워  ,울트라만 진짜 노트... 그냥 노트 가격 오른거라고 봐야함,"
        95
      "
6, NoSee LongTime  ,영화관에서 자주 보겠군,"
        72
      "
7, lecwin1  ,기울어진 운동장 에디션... ㅋㅋㅋㅋ,"
        10
      "
8, 김가은  ,이거 ㄹㅇ 실물로보면 카툭튀 개오진대요,"
        3
      "
9, 임재현  ,ㅅㅂ 노트20을 보급폰으로. 만들어버리네.....,"
        26
      "
10, 가현  ,노트10이나 벨벳처럼 카메라부분만 튀어나오게 하고 플래시랑 센서까진 안 튀어나오게 할 순 없었나?색은 예쁨,"
        17
      "
11, 백경 1016  ,버즈 라이브만 볼땐 색이 이상했는데 노트를 보니 이뻐보이네..,"
        36
      "
12, 아린인서울  ,썸네일 색감이 너무 예쁘다 약간 왕관느낌이라해야되나,"
        43
      "
13, HOLY SNOW  ,카툭튀 진짜 개에반데ㅋㅋㅋㅋ 디자인팀 뭐하냐 진짜,"
        16
      "
14, 우리엄마  ,카툭튀 ㄹㅇ 실화냐ㅋㅋㅋㅋㅋㅋㅋㅋㅋㅋㅋ,"
        18
      "
15, 김예준  ,다좋은데....울트라하고 일반 급나누기가 너무 심한거같음....,"
        48
      "
16, 이지연  ,카툭튀보고 내 노트10플러스를 칭찬한다,"
        3
      "
17, DINO gaejjeoneun  ,s30쯤가면 카툭튀두께랑 폰두께랑 비슷해질듯ㅋㄱㅋㄱㅋㅋ,"
        1
      "
18, 와맙소사  ,난 줌필요도없고.. 노트10플 사길잘했다 후,"
        39
      "
19, 김희진  ,우와... 갖고싶어요 삼성 대박 쩔어,"
        2
      "
20, GAM YUN  ,오 쉿 노트 10플러스 사놓길 잘했다 ㅋㅋㅋ,"
        30
      "
21, 형민  ,근데 노트 콘텐츠가 이젠 다 떨어져가나봐왜 이전이랑 똑같은거 같냐,"
        31
      "
22, 두두  ,카톡튀 너무 심한데 그냥 노트20 울트라랑 스펙차이도 심하고 아니면 노트20 99만원이라고 하면 진심 대박이라고 할텐데 아쉽,"
        1
      "
23, 백련  ,이거 이번에 예약했는데 화이트가 진짜 예쁘더라구요 ㅎ 근데 개인적으로 카툭튀 너무 심해요 .. ㅠ,"
        1
      "
24, 룽지누  ,이번에 색깔은 진짜 예쁘게 잘 뽑았다고 생각해요. 브론즈인가 금색 존예ㅠㅠㅠㅠ,"
        1
      "
25, 라라  ,"폰 색 이쁜거 좀 내줬으면,, 삼성 폰색 누가 내는 거?","
        1
      "
26, 후독  ,디자인이 어케 가면갈수록 파국이누,"
        3
      "
27, 햄도그  ,진짜 나머지는 너무 좋고 만족하거든요 삼성페이사랑하고요카툭튀랑 인덕션이ㅠㅠ..........렌즈 한개만 있어도 잘 쓸 수 있는데.... . . .,"
        33
      "
28, 이름  ,이번 갤노트20 카메라 카툭튀 말고는 괜찮게 나온듯 브론즈 색깔도 예쁘고 링처리도 자연스럽게 했고,"
        1
      "
29, Recircle  ,고동진 사장 다시 데리고와ㅠㅠ,"
        0
      "
30, 최규현  ,카툭튀 ㅈㅈ,"
        1
      "
31, 악동데빌  ,미안하다 카툭튀 보여주려고 어그로 끌었다,"
        1
      "
32, Hoon Park  ,구......구려!!!,"
        2
      "
33, ..  ,별로임 카툭튀 초록색은 애플이 더 예쁜거가타요...,"
        5
      "
34, ᄋᄋ  ,색깔 넘흐 이뻐ㅠㅠ,"
        0
      "
35, 민트초코의 한  ,울트라랑 노트랑 완전 다르잖아요. 그냥 갤럭시 노트 20 울트라라고 말해주세요.,"
        12
      "
36, 우주최강와꾸GAMES TV_먹방채널  ,진짜 멋지다,"
        0
      "
37, 김대현  ,와 왜캐 이뻐,"
        1
      "
38, Seung-jae Lee  ,고사장님 그립습니다ㅜㅠ돌아와요,"
        1
      "
39, 아노피  ,바꾸고 싶어도 좆도 비싼 5G요금제 으악 내눈을 외치게 만드는 카메라...제발 인덕션 같은 디자인 버리자ㅜㅜ,"
        1
      "
40, jiu jitsu player MMA life  ,아직 노트10 할부 많이 남았어용... ㅠㅠ,"
        0
      "
41, 이미란  ,"ㄷ.ㄷ,ㄴ.ㅊ.ㄷ.ㄴ.ㅌㆍ.ㅌ,ㆍ튼.","
        0
      "
42, 로겐  ,문제는 저 브론즈 판대기가 플라스틱이라는 점ㅋㅋㅋㅋ,"
        4
      "
43, 어 님 폰에 머리카락 붙은듯  ,와 진짜 노트충이여서 노트만 보면 환장을 하는데 진짜 ㄷㄷ 지금 노트10+쓰고 있찌만 너무 탐나는걸...,"
        0
      "
44, 박심바  ,이번엔 바꿀만한 차이를 만들어냈네,"
        1
      "
45, 뚝빼기깨기  ,카툭튀...,"
        1
      "
46, 최승은  ,...11프로 사두길 잘했네...,"
        1
      "
47, is예징  ,와..노트10 산게 신의한수다...,"
        0
      "
48, mw  ,모바일 사업부 관짝 닫는 제품ㅋㄱㄱㄱㄱ,"
        0
      "
49, 김보민  ,솔까 노트20은 노트도 아님ㅋㅋ 걍 노트20 울트라만 사라는거임ㅋㅋ 근데..사고 싶긴한데 카툭튀좀.. 이번 노트20은 이렇게 넘어가고 다음 노트는 카툭튀없애자.. 그리고 차이좀 줄이자..,"
        1
      "
50, 박정빈  ,이번에 색깔 진짜 이쁘게 잘뽑은듯 ㄷㄷ,"
        24
      "
51, 찹쌀떡  ,카툭튀 대체 왜 그랬어..,"
        0
      "
52, 소박하지만행복해  ,카툭튀는 케이스안끼고다니면 카메라 파스슥 ㅎㅎㅎㅎ,"
        0
      "
53, 충모  ,노트 똥이다 에스20이 훨씬좋아!!,"
        0
      "
54, 민준  ,이번 시리즈는 건너 뛰는게 답ㅋㅋ 실물로 봤는데 카툭튀만 ㅈㄴ 심함ㅋㅋㅋ 나도 그냥 애플로 갈아탈까싶기도하고.. 점점 초심을 잃어가는 듯,"
        0
      "
55, 라떼는말이야  ,삼성은 감성이 없다.,"
        1
      "
56, dnel tprem  ,갤시리즈10 만해도 좋아서 굳이 이제 새로운 스마트폰으로 바꿀 이유가 없다,"
        0
      "
57, ND MC  ,z플립 2 존버합니당.. 방수방진 제발 ㅠㅠ,"
        0
      "
58, 꺽이  ,2일만에 400만 조회수 ㄷㄷ,"
        0
      "
59, JJANG KIM  ,요샌 광고를 잘 못하는 느낌 감성광고 시급,"
        7
      "
60, Chydong쳬동  ,카툭튀 줄일수카툭튀 줄일수도 있었는데 왜그랬냐....,"
        0
      "
61, 흠터레스팅  ,카메라가 s20은 인덕션같았는데 이번건 그래픽카드같다ㅋㅋㅋ 3열팬ㅋㅋ,"
        43
      "
62, 김은경  ,조카민재 드론영상 작품이네~~^^Good!!~~,"
        0
      "
63, 정재민  ,잘봤습니다 다음폰은 노트10으로 가겠습니다,"
        24
      "
64, 끽다거야라즈노아메  ,용달 블루 vs 다라이 레드 vs 요강옐로,"
        1
      "
65, tuber you  ,드디어 폰 바꿀 때가 되었구만ㅋ,"
        0
      "
66, 네다음퍼거  ,공기계로 하나 장만하고싶다(..) 하지만 100만원대 이상 일것 같은(...),"
        0
      "
67, Hyunsun Lee  ,0:00계속 누르면 총소리 같음,"
        3
      "
68, ᄋᄋᄋ  ,카메라 조금만 더 작게 만들었음 했다 ㅠㅜ 실물로 보니 카메라가 ㄹㅇ 흉기임,"
        0
      "
69, 어흥  ,카툭튀...어쩔...,"
        0
      "
70, Panda YouTube  ,내 폰을 노트9인데..... 노트20이 나왔네....,"
        0
      "
71, 애니채널 지소다  ,우리집노트는  4500원인데  저건 얼마냐?,"
        1
      "
72, 유승호  ,광고 잘 봤습니다^^아이폰 12존버 타야겠네요삼섬화이팅^^~,"
        0
      "
73, ᅳ위대한 뚝배기  ,노트20 울트라 화이트 진짜 이쁘던데실물로 보고 싶네요 ㅎㅎ,"
        5
      "
74, 박주현  ,처음에 s9+ 썬라이스 골드 광고인줄ㅋㅋ,"
        0
      "
75, 아린인서울  ,0:03 샴푸광고인줄,"
        3
      "
76, expedition ROS  ,tv에서 겁나 나올듯..,"
        0
      "
77, 김준형  ,광고대행사 : 제일기획광고주 : 삼성 전자,"
        29
      "
78, 콜라bear  ,그럴일은 없지만 순간 처음 장면에서 핸드폰이 테이블 아랫면에 붙어있는 줄 알았어요,"
        164
      "
79, 별YouTubeū여포ū  ,근데 노트20 언제 출시 되요 정확히?,"
        0
      "
80, 종볼리  ,광고가 왤케 산만해,"
        1
      "
81, Beloved Z  ,금색이라니ㄷㄷㄷ,"
        0
      "
82, 베리베리  ,고급스럽다,"
        1
      "
83, HoRoo  ,아니 다른폰도 다되는 기능말고 새로운거좀 알려주지,"
        18
      "
84, U MR  ,해해 노트10플 사길잘했당,"
        0
      "
85, 노노력하지는 않지만-.-  ,쓰ㅡㅡㅡ읍,"
        1
      "
86, 익명.  ,카툭튀...,"
        0
      "
87, 일구28 username  ,노트21 존버한다,"
        0
      "
88, chanchanny 1004  ,앱등이 좋아요,"
        1
      "
89, 이재용  ,노트10+에 스냅865+만 넣어줘도 살텐데,"
        0
      "
90, 윤_  ,전 애플로 갑니다 ㅃㅇ,"
        0
      "
91, 계정감상용  ,노트20 120Hz 미지원 후면 플라스틱... 그러면서 가격은 999불이라니삼성 왜 그래요 진짜,"
        17
      "
92, TMI -  ,우와..,"
        0
      "
93, Yunseo Lee  ,최대 승리자: N10 출시하자마자 산 사람기분 좋은사람: S20 시리즈 구매자,"
        16
      "
94, 팔도비빔년  ,노트9과 같이 무덤 가려고요~,"
        0
      "
95, song 2  ,음...색상 때문에 별로다 요번에 삼성 말구 애플로 핸드폰 바꿀걸ㅠㅠ,"
        0
      "
96, 후후후  ,노트 9하고 10나온지가 몇안됐는데 하나 더 나왔냐ㄷㄷㄷㄷ삼성 대단해,"
        0
      "
97, 강정모  ,주님! 뜨거운 감동과 은혜 감사드립니다 영광할렐루야!,"
        0
      "
98, 최민서  ,삼성아 더 예쁜색깔 넣고 기능 광고도 해도 되는데 제발 감성을 좀만더 부각시켜라 그럼 진짜 많이 팔릴텐데ㅠㅠㅠㅠ,"
        5
      "
99, 최기수  ,삼성 휴대폰 기술력 인정 한다,"
        0
      "
100, 이미란  ,"ㄷ.ㄷ,ㄴ.ㅊ.ㄷ.ㄴ.ㅌㆍ.ㅌ,","
        0
      "
101, 조덕호  ,추ㄴ 밑에서 열심히 × 다가  승진한 검사 ㄴ 들 다 ㅈ 떼버려라.,"
        0
      "
102, 동완  ,카툭튀뭐야 ?,"
        0
      "
103, 와  ,노트10이 s20보다 좋음?,"
        0
      "
104, kj gee  ,내가 저 노트인건가?,"
        0
      "
105, No Nick  ,노트20이 어떻게 호라이즌4를 돌리죠?,"
        0
      "
106, John Hong  ,음악이 피파4 20토티 나왔을때랑 똑같은거 같은데 기분 탓인가?,"
        0
      "
107, 방제이스  ,노트9도 좋아요...,"
        0
      "
108, 미니TV  ,영상이 재밌네요,"
        0
      "
109, Ji na  ,삼성의 한계는 어디인가...,"
        0
      "
110, ᄋᄋ  ,역대급 카툭튀,"
        0
      "
111, 냥!  ,사고싶다 후...하...후..욱..,"
        7
      "
112, 은이  ,컬러 진짜 이쁘다... 세련되고 고풍적이야...😭,"
        2
      "
113, 우아  ,고급지다! 🤭,"
        5
      "
114, 유준형  ,홈페이지에 노트 광고 아이폰se 광고랑 너무 비슷하네요...,"
        0
      "
115, ᅫᅰ  ,모든 세상이 노트 안에를 모든 세상이 노예로 봤다...하 내눈 일상 생활 가능?,"
        8
      "
116, in4 J  ,웃긴건 광고모델들 전부 아이폰쓴다 ㅋㅋ,"
        0
      "
117, UNCHAIN 7  ,카툭튀 오지던데,"
        0
      "
118, 나혼자한다TV  ,노트20울트라로 브이로그 찍었습니다 카메라 궁금한분들 참고하세요!,"
        0
      "
119, 위도우메이커  ,S20+있어서 딱히,"
        0
      "
120, 장해룡  ,과연 산다면 울트라를 사야하는데 150만원대 핸드폰을 사용할 가치가있을까?....;,"
        5
      "
121, 챔챔  ,근데 진짜 bts버젼 색깔도 이뻤는데 그색깔로 내주지,"
        0
      "
122, 무적의금융체스플레이어  ,갤럭시 노트 20 정말 잘 나왔네요. 노트20 바로 사러가기 https://coupa.ng/bH0Xrn,"
        0
      "
123, да да  ,광고 잘 봤습니다 노트10 계속 씁니다^^ 삼성화이팅!,"
        58
      "
124, S S  ,신제품 출시 축하 드립니다. 이번에도 엑시노스는 빠졌네요.  빠질 수 밖에 없는 근본 원인과 해결책은 알고 있습니다. 나중에 기회가 될 때 알려 드릴께요. 삼성 힘내라!,"
        0
      "
125, 이우성  ,노트는 50배줌인가보네....,"
        0
      "
126, 조퍼맨  ,와...  개별로다 삼성 아이폰처럼 못만드나 인덕션도 존내 이상하네,"
        4
      "
127, Carl von Clausewitz  ,플랫한 노트20이 갖고싶네..,"
        0
      "
128, 보노보노  ,아니 아이폰11보다 더 인덕션 같노 ㅋㅋㅋㅋㅋ 라면 끓여먹어도 되겠다,"
        15
      "
129, 작은키  ,수능 D-119,"
        1
      "
130, 라파엘  ,너무 딱딱한데... 컨셉도 s10 로얄골드랑 겹치고 고급스럽게 만들긴했는데 으음... 비싸.....,"
        0
      "
131, ᄏᄒ린네  ,내 친구 노트10+인데 이거보고 후회 안한데..카툭튀가 점 에바...,"
        0
      "
132, 수박  ,좋아보이네요.,"
        0
      "
133, 루비루미  ,s펜 왼쪽에 있는거...좀 별로다..ㅠ,"
        0
      "
134, 윤마  ,근데 이해가 안가는게 노트19도 아직 안 나왔는데 갑자기 노트20이 나오니깐...,"
        0
      "
135, siamese cat  ,카메라 튀어나온 거 누가 사냐.,"
        0
      "
136, 이성혁  ,멋있다...,"
        0
      "
137, 이재진  ,0:12에 나오는 게임 무슨 게임인가요?,"
        1
      "
138, ᄋᄋ  ,난 a31인데 쩝,"
        0
      "
139, oasis  ,습트라 ㅋ,"
        0
      "
140, 젤리  ,예쁘다고 하시는분들 반어법인가요 진심으로 하시는 말인가요? 정말 궁금해서요,"
        2
      "
141, 예진  ,모야 안예뻐,"
        0
      "
142, 이하민  ,이번에 색깔 진심 잘뽑은듯 ㄷㄷ 브론즈에 무광처리가 가미되니까 고급스러움,"
        2
      "
143, The Man_tp  ,노트 펜 위치가 왼쪽이라 좀 불편할듯,"
        0
      "
144, 소소  ,색상 저렇게 촌스럽게 뽑기도 힘들텐데 삼성은 왜 저렇게 색상을..,"
        0
      "
145, 띵디동  ,아이폰 12로 갈아타려고 존버하다가 노트로 간다!,"
        0
      "
146, 동네형  ,0:07 프리미어리그 비슷하죠..?,"
        1
      "
147, 최창원  ,다음엔 30 인가? 어떻게 11이 아니고 20 으로 바로 뛰지?,"
        0
      "
148, Tim Ko  ,내년 노트 잘 기다리라는 삼성의 큰그림,"
        2
      "
149, yena shim  ,아..이번에 노트쓰다가 s20+ 샀는데 걍 기다리다 이걸로 살걸 후회중ㅠㅠ,"
        0
      "
150, 꼬미아빠  ,이은정을 검찰청장 추대요,"
        0
      "
151, 깊카이벤트 채널  ,삼성폰 오진다,"
        0
      "
152, 시간  ,8월 6일 14시 18분,"
        0
      "
153, -은혁h  ,오늘 삼성서비스센터에 가서 직접 봤는데 카툭티 너무 심하고 뒷판 보강이 필요할듯,"
        6
      "
154, 원사입니다만  ,갤럭시 s20도 그렇고 요즘폰은 직사각형 안에 카메라 존내 쳐박는듯,"
        0
      "
155, 0Atlantis 0  ,오늘 사전예약 구매했는데 개인적으로 카툭튀 빼고는 디자인이 무난하더군요.,"
        0
      "
156, 수  ,가격은 모르겠고나 노트10쓰는데너무좋아  다음에도 또사야지,"
        0
      "
157, 장정민  ,나 오늘샀는데,"
        0
      "
158, 0o0 YSM  ,결론 난 잘 모르겄다,"
        0
      "
159, 쿠쿠쿨  ,싸....싸산다,"
        0
      "
160, 은재  ,s펜 위치 가만히있다가 왜 바꿈? 적응안되게,"
        0
      "
161, 출제자P  ,삼성은 디자이너들만 다 짜르고 새로 뽑으면 될듯,"
        50
      "
162, You hub  ,디자인팀 없이 디자인한듯,"
        0
      "
163, ᄋᄋᄋᄋ  ,카메라보고 빽함,"
        0
      "
164, 비공개  ,12월에 폰 바꾸는데 여태쓰던 갤럭시로 바꿀까  아님 아이폰을 한번 써볼까..앞으로 광고 자주 보겠군,"
        0
      "
165, 꽃응자  ,광고는 갤럭시노트20라고 해놓도 왜 급차이를 두냐..120만원짜리 플라스틱.. 거기에 다이내믹 아몰레드는 어따 갖다버리고; 참 노트20이라 부르기도 민망한 스펙.. 대놓고 울트라 사라 시리즈임,"
        21
      "
166, 고마워요대장  ,에전에는 와~ '빨리바꾸고싶다'요즘에는 와~ '고작 저거바꼈어'?,"
        11
      "
167, YJFilm  ,개인적으로 이번거 뭔가 색감이 괜찮아보이네요.갤럭시버즈라이브 갖고 싶어요~ㅠ,"
        10
      "
168, HyunWoo Oh  ,노트10이 광고도 훨 고급짐,"
        10
      "
169, ⃢귀염 ⃢귀염 ⃢열매 ⃢  ,오우 갖고싶다 하 약정노예 ㅠ,"
        7
      "
170, 또봇D  ,갑자기 삼성하니까 아는 삼촌이 기억나네요,"
        0
      "
171, x s  ,나왔다,"
        4
      "
172, 아노멜로  ,진짜 색 너무 잘뽑았어....,"
        8
      "
173, 쨩쨩초딩  ,난 그냥 s30 나올때 사야지,"
        0
      "
174, 흰산  ,마스터이 마렵네,"
        0
      "
175, MUKYU kim  ,얼만고?,"
        0
      "
176, Yong Jin Kim  ,어머니한테 노트10 사시라고 하길 정말 잘했다,"
        12
      "
177, 문노스  ,근데 요즘 3 4년폰이랑 비교해서 더 좋아진게 뭔데? 난 노트9쓰는데 최신폰 몇번 만졉핫는데 좆도 다른게없더라,"
        1
      "
178, Jung Ja Cho  ,김동길,"
        0
      "
179, 게임채널  ,중간에 아재 목소리거슬린다...,"
        1
      "
180, 최수정  ,"ㅜㅜ골드 , 로즈골드 이제 골드 제발 버리고 화이트 , 실버색상 ,  무광블랙 , 은갈치색 펄들어간진주색 뽑아주세요 골드 촌스러워요 ㅜ 이쁜것도 전혀모르겠고 로즈골드도 마찬가지에요 중후한건 좋은데 영한색상은 아닌것같아요 예를들면 금목걸이느낌ㅜ ...이번에 노트 엣지없으면 사려고 했는데  s10쓰는데 엣지 노답이에요 엣지부분 필름 다 안붙여져서 충격 다 흡수하고 케이스 했는데도 결국 모서리부분 깨졌어요 엣지없는 버전으로도 노트 출시해주세요 날렵하고 각진 디자인도 좋을 것 같아요","
        1
      "
181, 김덕식  ,멋있다,"
        0
      "
182, 소연  ,200g 언저리 핸드폰.. 너무 손목아파요.. 가벼운 핸드폰으로 사려고 존버중 입니다. 제발 가벼운 핸드폰 출시해주세요..,"
        1
      "
183, 김영윤  ,흠...이번에는 걸러야겠군...,"
        0
      "
184, 기러기  ,벨벳이나 노트나 왜 런웨이를 하지....,"
        2
      "
185, 딸바보아빠  ,아아,"
        0
      "
186, 강동주  ,"이거 카메라 그냥 아이폰11pro 카메라 세개 일렬로 넣은거랑 똑같은데,,?","
        0
      "
187, 이정란  ,남 비싸요,"
        1
      "
188, 5 67  ,써보기전엔 모르는거지만 9->10만큼의 변화는 아닌거같다실망보단 드디어 휴대폰혁신이 사그라드나 싶어서 감격이네,"
        0
      "
189, 아아아아  ,엣지 넣어서 베젤은 존나 얇아 보일거 같네,"
        0
      "
190, 구구성혜  ,노트10쓰는호구들노트20비교비판하지말길,"
        0
      "
191, 홍수민  ,골드바인줄,"
        0
      "
192, 이준혁  ,ㅇㄴ노트10몇개월 전에 샀는데 20이나오냐너무 빠른거아님?,"
        0
      "
193, 돼지  ,아니 디자인 왜이래,"
        0
      "
194, 표영숙  ,조금전에  번지점프  하는것  재방송  봣어요나이도  어린데  씩씩  하게  잘  하셨어요  귀엽기도 하고요  네분도  도  다하셨구요  챤원씨 형님들 어게  뒤지지않고  잘맞추어  가는 모습이 너무 좋습니다건강하세요♡☆♡,"
        0
      "
195, 고수라  ,.나두요,"
        0
      "
196, 철맨  ,놑20카툭튀~ 노트는 10+까지 s는 s20+까지 디자인이 좋네요 무엇보다도 폴드가 기대중이에요 사지는 못해도,"
        2
      "
197, 강력한스프링  ,아니 그래서 이번에는 무슨 외계인을 고문하셨을까?,"
        0
      "
198, 아폴로눈병  ,광고 초반부분처럼 골드 색상이었으면 샀다,"
        0
      "
199, C2F  ,무슨 노래에요,"
        0
      "
200, 룰루。  ,엄... 색 좀 이쁘게 뽑아보시면 안되나요 아우라 글로우까진 마음에 들었는데..,"
        0
      "
201, 채소  ,흠 s20플러스 사길 잘했다,"
        0
      "
202, 스푼  ,이쁘다가도 카메라보면 소름이돋아 지들도 거슬리는지 광고보면 카툭튀 제거하는 사기를,"
        0
      "
203, minguk Park  ,일단 덧글달고본다,"
        0
      "
204, Woo Dong  ,프로슈머 동우 입니다 꼭 카메라 부분을 검은색으로 해야 할까요? 반사 때문이라고 하지만 전 나노 반사 사용 하면 춘분히 가능 하다 보내요 천재 분들이니 이해 하시라 보내요 다양항 색상 기다 할께요?,"
        2
      "
205, sr l  ,갤럭시 정말 고급스럽고 잘나왔네요!!,"
        4
      "
206, ᄋᄋ  ,s20 시장 망해서 제대로 이를 갈았구나 ㄷㄷ,"
        14
      "
207, Tj P  ,흠.....,"
        0
      "
208, EEEAAAOOO  ,667깔깔깔,"
        0
      "
209, 훈발놈  ,신호등 닮았다,"
        0
      "
210, COOLEE 쿨리  ,예약이요,"
        0
      "
211, 선정  ,아니진심 디자인 재고 부탁드립니다,"
        0
      "
212, 루하마크리스틴  ,저화면으로 메모도 아니고 필기를 어떻게한다는거야 암걸려 뒤질듯,"
        2
      "
213, 배종찌대왕  ,제발...기능만 바꾸고 빼지 말아주세요...,"
        0
      "
214, 예응  ,광고 모델 이름이 뭐에요?,"
        0
      "
215, 손정윤  ,준비된 삼성이구만!,"
        2
      "
216, 게임하는고양이  ,살게요,"
        0
      "
217, 태종태세문닫아  ,난 노트3로 존버중...,"
        0
      "
218, 신개코Tv◕‿◕  ,그림의 떡,"
        0
      "
219, 김수수  ,카메라눈치못챙기네요,"
        0
      "
220, Z L  ,哇，这么酷，中国能买的达摩吗😁,"
        0
      "
221, 김지효  ,저 사주실수 있나요?Jagibozi@gmail.com,"
        0
      "
222, 김준엽  ,아ㅅㅂ 성능이라도 좋았어봐 A91에 S펜만 갖다가 붙인거면서,"
        1
      "
223, 유광수  ,우성페밀리 농기구센타입출고가 매일있는지,"
        0
      "
224, ooo oo  ,이잉,"
        0
      "
225, 정미숙  ,노래도 잘부르고인물도좋고 최고입니다.,"
        0
      "
226, Yuho Jung  ,"폰회사들은 2-3년마다 출시했으면 좋겠다. 아이폰이나 갤럭시나 1년마다 출시하니 디자인, 스펙 변화폭이 너무 작은듯. 특히 이번 노트는 노트10이 워낙 완성형스펙에 디자인도 깔끔했어서 별로 센세이션이 없는 느낌이 든다.","
        10
      "
227, 박소령  ,먼훗날 노트1억은 어떤 기능들이 있으며 어떻게 생겼을까....,"
        11
      "
228, 이한결  ,얘들아 진정해 이거 홀수모델이야 (노트 11) 삼성은 짝수 모델에서 바뀌는거 많잖아,"
        4
      "
229, 신정  ,카메라톡티나온거 보호해주는 케이스라도 같이보면 구매했다,"
        0
      "
230, 김재원  ,이거 20토티 트레일러 그음악이다,"
        0
      "
231, 송인순  ,"2월20일부터6월19일까지의후원금212,000원구내염애들이12마리이상이라약사는데보탰읍니다후원하신천사님들고맙습니다","
        0
      "
232, 이호성  ,연아폰처럼  껍데기만  바꾸는건  아닌지.,"
        0
      "
233, sunmer p  ,오 클래쓰 기능 넘 매력적인데?! 바꿀 때 돼서 망설이고 있었는데 조목조목 좋아진 거 많은 듯🙊,"
        0
      "
234, 정민왕자  ,삼성 렌더링 참 못뽑는듯이번에도 실물 보고 결정해야겠네요,"
        9
      "
235, Ellie Lee  ,노래 좋당 제목 뭐죠,"
        1
      "
236, 왜 이런 나를 두고 그녀는떠났을까ლ  ,나 노트 10+이라고..좀 만 존버 탈걸,"
        0
      "
237, 독도우리땅  ,갤폴드사라고 부추기는 광고,"
        0
      "
238, 한달  ,"기기 디자인,광고도 s6때만해도 감각적이고 뭔가 세련된 느낌이였는데, 지금은 이것저것 짬뽕되서 이도저도 아닌 ㅉㄲ폰 같아짐","
        26
      "
239, 수호버스IT노래방기기게임_7079대표실장님  ,기존갤럭시A50처분하고 갤럭시노트20울트라로바꿀지말지고민이네요 2022년 4월달에그때더좋은삼성5G스마트폰나오면기대할께요,"
        0
      "
240, 식빵을먹으면이런식빵  ,와 넘 못생겼다..노트20 존버중이었는데 삼성 무슨 일이야..,"
        0
      "
241, 정미숙  ,정미숙입니다,"
        0
      "
242, ᄋᄉᄋa  ,a91 with S-Pen 샘숭 갤럭시 A91,"
        16
      "
243, 너무 놀라서맛있어요  ,드릅게비싸겠지또,"
        0
      "
244, 김진욱  ,좋은소식주세요,"
        0
      "
245, 사돼댕  ,흐으으으으으음 카메라별로,"
        3
      "
246, 양화범  ,아 물론 노트20울트라 한정입니다.,"
        0
      "
247, SELENA  ,아이폰처럼 색 좀 이쁘게 뽑을순 없는건가..하 색  진짜 촌스롭게 뽑는다,"
        16
      "
248, 윤루키  ,ㅋㅋㅋㅋ전작망하고도 정신못차렷네 노트20도 플래그쉽이야울트라만 신기술넣어주냐ㅋㅋㅋ 차라리 보급형이라고 말을하던가,"
        16
      "
249, 배수현  ,댓글이,"
        0
      "
250, 진희웅  ,안녕하세요,"
        0
      "
251, 뚱스  ,졸라갖고싶다..,"
        0
      "
252, 피구TV  ,S9보단 나을까?....,"
        0
      "
253, BC_TALLMAN  ,아,"
        0
      "
254, 쿠쿠  ,내일 A90살거임,"
        3
      "
255, hyuk l  ,아니 피파광고음악이였는데 음반언제냄???ㅋㅋㅋㅋㄱㅋㅋ,"
        0
      "
256, 이서준  ,울트라 가지고싶다 카메라 빼고 꽤 잔만든것같은데,"
        0
      "
257, melon pan  ,근데 노트에는 엣지디스플레이좀 없애면 안되나요? 자꾸 눌리고 너무 불편한데,"
        2
      "
258, Beok Beok  ,그래서 하이엔드 울트라에 또 엣지를 넣으셨겠다?,"
        1
      "
259, 헤니슬로  ,잘모르겠다 ㅜㅜ,"
        0
      "
260, black VANTA  ,한국에는 mmWave 모듈 부품 빼버렸던데. 왜 5G로 선전을 함 ? 진짜 어이없네 ㅋㅋㅋ 나 울트라 샀는데 사기당한것같애. 역시삼성이야.ㅡㅡ. 해외는 넣어주고 한국은 뺄거 다빼버렸더라?,"
        0
      "
261, 대충이름이라는뜻  ,z플립처럼 골드색상도 나오나? 왜 첨에 골드가 나옴?,"
        0
      "
262, k k  ,제일기획 광고 하나는 존나 잘 만드네 진짜,"
        0
      "
263, 이인순  ,바램입니다 노사연,"
        0
      "
264, J BL  ,디자인에선 더 이상의 혁신은 없는건가...색상은 s7때 실버가 가장 레전드였다...,"
        1
      "
265, b d  ,노트10+ 사기전에 보던게 아이폰 11 프로 맥스 였는데 들어보니까 개무거웠다 그냥 소니 XB30 스피커 드는거 마냥 폰도 작은게 무게가 너무 무거웠고 베젤도 너무 두껍고 가격도 맞지않는 가격이고 근데 노트10+는 더 큰데 가볍고 베젤얇고 좀 더 쌌음  내 기준에선 신형 아이폰 왜 좋다는지는 모르겠음,"
        0
      "
266, 아린인서울  ,이 돈으로 주식을 사놓을까 아니면 노트20을 살까...,"
        1
      "
267, neco  ,카메라 튀어나온거 개싫음,"
        7
      "
268, 김뒷통수  ,솔직히 말해서 다들 이미 쓰는 핸드폰 성능들이 너무 좋아서 더 이상 좋은 핸드폰의 필요성을 못느낄듯 아이폰도 마찬가지고,"
        21
      "
269, 그랜YT  ,응아이폰,"
        1
      "
270, 진호준  ,EPIC FAIL,"
        0
      "
271, 류순남  ,ㅁ7,"
        0
      "
272, 45 59  ,급나누기 너무 심하다 사실상울트라를 살수밖에 없게 했네,"
        3
      "
273, 상어Shark  ,와 진짜 겁나 예쁘다 브라운?? 너무 예뻐요,"
        2
      "
274, 인어왕자  ,삼성 폴더폰2  아직까지 비싼 폰 결국 7세대가 되어야 가격이 싸려나?,"
        0
      "
275, 커튼《히써러버》  ,2020년에 나온것파맛첵스갤럭시 노트20갤럭시 버즈+갤럭시 z플립아이린 슬기 신곡갤럭시 S20폴드2 유출이라고 해야하나?,"
        2
      "
276, 포돌  ,야 폴드 역대급이던데 티저라도 올려줘,"
        0
      "
277, 흠터  ,그래도 뒷면 플라스틱은 좀ㅠㅠ,"
        1
      "
278, 물망초  ,"현재 노트20울트라에서 발생하는 초광각렌즈(ois기능x)의 유격현상, 렌즈의 결로현상. 렌즈안 먼지유입 등 발생하는 결함에있어 삼성의 공식입장 바랍니다. 145만원이라는 돈을 주고 사는 제품에 렌즈유격없길 바라는 뽑기식 구매와 다른 기종보다 현저히 많이 발생하는 렌즈 결로 현상  .. 말이됩니까 삼성이란 대기업에서 이런.. 제품 검증도 안하고 출고하나..","
        0
      "
279, 신채화  ,그냥 노트북을 사는게  ㅋㅋㅋㅋㅋ 휴대전화 따로 노트북따로 뭐 노트북도 통화 되니까 ㅋ,"
        0
      "
280, y  ,디자인....개인적으로 촌스럽다 카메라도 별로고..,"
        0
      "
281, 군싹  ,이번건진짜.. 국뽕필터 끼고 봐도 징그럽다,"
        0
      "
282, 이승주  ,제2의 옴니아2꼴 나는 건 아니겠지? ㅋㅋ,"
        0
      "
283, Master Piece  ,저기 손들도 다 손짓티비 님이 하신건가?,"
        4
      "
284, 배수현  ,ㅣ,"
        0
      "
285, 성이름  ,애플처럼 해주면,"
        0
      "
286, 두민  ,이참에 크게한번 망하고 다시 성공하자,"
        10
      "
287, 김영식  ,달기병났울때졸고있을때무엇먹이나요,"
        0
      "
288, 칩꼬북  ,노트10+ 계속 씁니다 ㅎ 삼성 화이팅 아무리 노트 급을 나눠도 그렇지 120만원 플라스틱 선 씨게 넘었네 울트라 는 그래도 좀 이쁨 실물로 보면 대형 인덕션 화력 쌔보임노트30 시리즈 기대합니다^^,"
        0
      "
289, 고구디  ,이번 노림수가 출고가를 낮춰서 s20시리즈보다 싸게나온것처럼해놓고 공시지원금 kt기준 13만원요금제써야 24만원준다는 그폰인가요? 기본노트20은 스펙이 s20보다 안좋고 노트20울트라는 스펙이좋은데 가격이 너무비쌈,"
        0
      "
290, Hong JungWoo  ,드디어,"
        2
      "
291, bang fajar  ,Wow amazing,"
        0
      "
292, 든든한 국밥  ,왜 S팬 자리 바꼈냐,"
        1
      "
293, 유예리  ,ㅎ,"
        0
      "
294, 한달  ,삼성 진짜 점점 디자인이 촌스러워진다. 이제는 샤오미라고 해도 믿을듯 ㅋㅋㅋㅋㅋㅋㅋㅋㅋ 가격비싼 샤오미,"
        5
      "
295, 맘무무무  ,노트20과 울트라 갭차이 실홥니까 노태문씨.....ㅠㅠ,"
        1
      "
296, 당직대기  ,이번에 배터리 상태는 어떨라나,"
        0
      "
297, ᅳ덤벼보라고  ,스냅드래곤말고 엑시노트여서 스펙은  딸리지...... 노트20이랑 노트20울트라랑 차이점이 너무 많고...... 가격인상이 너무 그렇고...... 모르겠다,"
        0
      "
298, 마좀치나  ,사람들은 디자인에 반응하는 경향이 있는데 이번에 노트10이랑 별반 다를 것이 없어보임...폭망예상 성지시즈,"
        7
      "
299, Dr_ Romantic  ,"하. 삼성 광고가 세련되고 고급 브랜드 이미지여서 좋아했는데, 그런 느낌이 완전히 없어졌네.. 특히 최상급모델인 노트시리즈 광고에서 조차도..좀.. 아쉽다","
        9
      "
300, John Lee  ,미안하지만 S20 보다 성적이 더 저조할 것으로 확신한다.,"
        40
      "
301, Chae  ,제발 색 좀 이쁘게 내면 안되나 ?? 사고싶은 맘이 없어진다.,"
        0
      "
302, 유서연  ,으아아 이미 삼성 20울트라 샀음 ㅠㅠ 이제 노트20도 나왔어용 ㅠㅡㅠ,"
        1
      "
303, ᄋᄋᄋᄋ  ,그냥 갤노10쓰면서 저 카툭튀가 없어질 때쯤 사야겠다 무슨 애니캐릭터 눈크기마냥 렌즈크기봐라 10시리즈 폴더에 힘 너무 써버린게 보이네,"
        21
      "
304, 김동우  ,카툭튀 때문에 눕혀놓고 필기하려면 기울어지는거 실화? 그리고 바닥에 떨구면 카메라 바로 박살날듯,"
        0
      "
305, 곽도연  ,난 어제 갤럭시 퀀텀 5G삼ㅋㅋ,"
        0
      "
306, Lol_ D.E  ,"특수코팅 ㅇㅈㄹ 하던데 유리같은 분위기 조또 안나고, 삼성제 에코 컬러? 라카는데 색상은 잘뽑음, 다만 그 후의 하는 짓거리가 좆같지. 기본앱 광고로 쳐맞더니 정신줄 놓은건가? 추후 플랫,엣지 성능 동급해놓고 팔아봐라 누가 많이 팔릴지.","
        6
      "
307, 토토로일상튜브  ,카메라가 a21은 4개인데 왜이건 3개밖에없나. 배터리도작고. 살짝 아쉽네,"
        1
      "
308, wau복절  ,와........예쁘다........,"
        0
      "
309, joon harden  ,님들 살꺼면 플러스사세요,"
        0
      "
310, 하토_  ,저놈의 카메라는 호불호 극명하게 갈리겠네... 노트 10+ 산 내가 부전승인가,"
        3
      "
311, 고마워요대장  ,나도 노트 쓰고있긴한데....솔직히 왜 또 바꿔야하는지 이유를 모르겠다.....뭐가 달라진게있어야 바꾸지 이전 모델과 별반 차이없는 기술들에 바꿀이유가 없음.단지 느려져서 바꾸는것이지. 이제 혁신적인건 다 끝났다...,"
        31
      "
312, 김범진  ,노트ㅣㅇ나온지 얼마나됐다고 20나오냐?삼성이 돈이급한가보구나...그러다 역효과나는뎅..,"
        0
      "
313, 공백  ,ㅤ,"
        1
      "
314, キムチョル  ,갤럭시 사서 애국하렵니다!,"
        2
      "
315, 선재  ,솔직히 삼성은 이제 감성으로도 폰을 내놔야함.,"
        2
      "
316, 김우영  ,이제 나오는구나ㅋㅋㅋㅋ,"
        9
      "
317, GO GO  ,이제 폴드가 플래그쉽이지. 노트랑 S시리즈는 보급형이다.,"
        2
      "
318, - J  ,이쯤되면 노트10산사람이 진짜 승리자지ㅋㅋ,"
        4
      "
319, ᆞᆞ  ,디자인이 약간 아이폰 인덕션같네 노트10이 좀더 이쁜듯,"
        1
      "
320, 스테이크  ,20은 s나 노트나 역대급 판매량 저조로 적자 볼거 같다. 일부러 시험삼아 내놓은 시리즈인가,"
        1
      "
321, 예스  ,노트9인데 바꾸지 말까;  카툭튀 너무 심하기는한데 노트9도 못생긴폰이니까,"
        0
      "
322, Jayson  ,이번에도 어김없이 용달블루 나왔구먼 삼성화이팅,"
        0
      "
323, 밤하늘별  ,아니 도대체 핸드폰 카메라로 뭘 찍으려고.... 어디까지 찍으려고.... 이렇게까지 카툭튀를 만들..... 나 진짜 제대로 안보다가 알고리즘에 뜨는 소개 영상들 보다 너무 충격받아서.... 와 진짜..... ㅋㅋㅋㅋㅋㅋㅋㅋㅋㅋㅋㅋㅋ 이게 뭐람 ㅋㅋㅋㅋㅋㅋㅋㅋ 아니 이게 뭐람 ㅋㅋㅋㅋㅋㅋ 뒤에만 안보면 전면은 괜찮............ㅋㅋㅋㅋㅋㅋㅋㅋㅋㅋㅋㅋㅋㅋㅋㅋ 아 미치겠닼ㅋㅋㅋㅋㅋㅋㅋ,"
        0
      "
324, 정치킨  ,아니 카툭튀 인덕션  필요없다고;;,"
        4
      "
325, 이채영  ,오늘 사전예약하러 가네요~~,"
        0
      "
326, seung gi Lee  ,오늘 보고왔는데 카툭튀 정말 심각하네요 급실망...,"
        1
      "
327, 이화수  ,솔직히 노트라는 명칭은 이젠 폴드쪽이 더 알맞다고 생각합니다ㅎㅎ,"
        0
      "
328, 젠틀B  ,삼성폰을 매번 2번씩 바꾸는데도 이번 노트20울트라는 걍 패스하고 폴드랑 s20울트라랑 액티브2 처분하고 Z폴드2랑 워치3로 가야될꺼 같네여 ㅜㅜ,"
        2
      "
329, 이훈  ,"s20+  울트라를  먼저 사용하고 있는 사람으로서  삼성에묻고 싶습니다s20+ 울트라가  출시되고 사용한지 일주일만에 바닥에 떨구어져  as  몇번 받았지만  비용은 그대로 받고  아직도  제대로  사진 촛점이 안잡혀노트5  보다 못한것 같습니다시간이 흘러 지금까지  쓰고 있는 사용자 입장에서 현재 업무상 카메라  부분은  포기하고중고로 처분하여 노트10+로 역으로 갈아타고 싶은 심정입니다  ㅜㅜ삼성에서  간과하고 있는 이부분을 알고 있는지 묻고 싶습니다울트라 카메라 화소의 중요성  못지않게  그  사후의 as  처리 부분도 개선될 소지가  바뀌지 않는 이상글로벌  업체로서  좀 더 커나가기에는  아직은 다소  아쉬운 부분이느껴집니다 삼성 참모진분들!전국의 삼성 as  센터들 방문들 하시어 점검 및  제품 개선에  좀 더  신경 써 주시길 바라겠습니다ps. 울트라급의 고성능 화소가  중요한것이 아니라 ,  카메라내구성 및 촛점  수정 프로그램  개선에 좀더  신경써 주셔야 세계적으로  인정받고  있는  x플을 넘어설수  있을것 같습니다대한민국의  한 사람으로서 자랑스런 삼성전자에 다시금 자긍심을 갖고 싶은 마음에  글을 남겨 봅니다","
        0
      "
330, ᅳᄑᄑ  ,아니근데 왜 요새 사람들 다 껌뻑죽는 파스텔 톤을 안쓰는거임...? 노트2 핑크도 의외로 인기 좋았으면서 깔끔한색 못뽑겠으면 파스텔톤으로 갈생각도 해보면 안돼나...? 왜 용달블루에서 더 나아지질않냐...,"
        1
      "
331, 이상과현실  ,WHAT THE...,"
        39
      "
332, 패스  ,아이폰 디자이너랑 갤럭시 디자이너랑 바꿔서 개발해봐라,"
        0
      "
333, 민식2  ,노래좀 알려주세요,"
        0
      "
334," 흔남,웃소,밍꼬love서영  ",우아 가꼬싶다 ....돈이 없쒀,"
        1
      "
335, 키즈모드  ,틀딱들이 많이 사주겠지 ㅋ,"
        1
      "
336, 성애림  ,우리동생노트20사는데... 부럼다..(전 갤20),"
        0
      "
337, 한수정  ,노트10과 그닥 달라보이지 않는다 즉 얘들은 여기에 전혀 힘을 쏟아넣지 않았다,"
        8
      "
338, 김상연  ,브금은 엄청 중독성있네,"
        1
      "
339, 라던 유튜브  ,1,"
        1
      "
340, 오함마든무지  ,망작,"
        1
      "
341, 한달  ,결론: 갤럭시 노트 20 ㄹㅇ 구리다,"
        7
      "
342, 아힘들다  ,또 휘어진 필름임? 그림이나 글 쓰라고 펜을 준 폰이면서 엣지? 때문에 쓰기 개 불편해,"
        0
      "
343, 김학순  ,좋아하는취향에따라선택의자유지만기준이애매할수밖에없는데쉽게잘부를수있는노래아무나부르기힘든노래무게중심을판단할줄아는레전드수준이약간은필요우리의미흡한판단이가수의장래에많은영향을미치는것은어쩔수없지만날이갈수록모두판다력ㅇ상승하리라고믿고싶네요,"
        0
      "
344, 달콤한레몬  ,이 문제의 결론은 ! 결론은 !! 진짜 광고 너무 오글거리네;; 대학교 수업듣다가 노트펜을 뽑아서 필기하는 사람 한명도 못봄; 걍 다 아이패드로 필기하던가 ppt필기하지,"
        25
      "
345, 표절  ,광고수준봐라 ;; 이 문제의 결론은 이러고 있네 .ㅋㅋ 한국이 교육에만 목매다니까 휴대폰도 광고도 저모양 저꼴이네,"
        8
      "
346, 조현진  ,아까 언팩보고 s8+1년더써야겠다는생각이듬 ㅇㅇ;;,"
        2
      "
347, 이상윤  ,십몇년동안 색이 어떻게 이렇게 한결같이 촌스럽냐,"
        17
      "
348, ᄋᄋ  ,사실 실생활에 사용하는 기능은 하나도 추가되지 않았고 카메라만 괴상해짐... 이번건 진짜 역대급으로 별로다,"
        4
      "
349, 송편ˇ  ,갖고싶다,"
        0
      "
350, 이예은  ,누가 색종이 다 쓰고 안예쁜 색만 남은거 모아놓은 거 같다 그랬는데,"
        3
      "
351, 콤퓨타  ,카메라 진짜 타협 안되네. 디자인 좀 보기좋게 내지.. 삼성폰은 10시리즈 말고는 괜찮은 디자인이 없다. 뭐 노트20 울트라가 폴드나 z플립보단 낫지만..,"
        1
      "
352, 썩은싱호싱싱하지만  ,새 폰만 나오면 뭐하냐?폰이 갤럭시 s20울트라였는데 필요한 앱 깔은게카톡 밖에 없는데 렉10분걸리고 오타 나오고 폰 지멋대로 터치가 되고 참 폰도 갚어치 못하도록 만들었어~이럴바엔 나는 엘지가 훨씬 좋다.삼성꺼는 갚어치를 못해~!!진짜 이게 100만원 이상이라는게 진짜 어이가 없네폰이나 똑바로 만들어라이러다가 망하것다ㅋㅋ,"
        2
      "
353, Gus A  ,노트도 잘나왔지만 광고만 보면 버즈 라이브 갖고 싶다,"
        0
      "
354, 김도균  ,Jesus Christ,"
        1
      "
355, kwang nam  ,"혁신은 어디? 개발팀, 대가리 박아!","
        1
      "
356, 이봉석  ,.,"
        0
      "
357, Tay Kim  ,이래도 불만 저래도 불만 ... ㅉㅉ,"
        0
      "
358, 발빠른 신기술 소식BBDTV  ,노트를 가장 노트답게 표현한 광고같네요. 디자인. 필기능력. 게임실행. 카메라 기능 등 무엇하나 빠지지 않는것 같습니다 :),"
        1
      "
359, 펭짱  ,어떤 외계인을 고문시켰죠?,"
        0
      "
360, 굿도도림표  ,어차피 지들도 나중엔 카툭튀 쓰게될텐데 뭘 그래 불평이야~  여기서 케이스 안씌우고 쓰는 사람이 있어?? 고장나고 망가질까봐 죄다 돈주고 케이스 사써 쓰면서 카툭튀 하면 뭐가 어쩐다고... 그래봤자 5년에서 이미 2년가까이 썼으면서.. 뭐 평생쓰게???,"
        1
      "
361, 돌진가즈아  ,이번건애플보다나아보임,"
        0
      "
362, 허언왕김진실  ,나지금 노트9 인데 바꿀까?? 바꿨으면 좋겠다 생각하시는분 좋아요 좀,"
        6
      "
363, 연영묵  ,가즈아,"
        0
      "
364, 나무나무tv  ,카툭튀 보여주기싫어서 뒷모습은 빠르게 넘어가는 느낌이네..,"
        2
      "
365, 니뚝배기  ,갤20키운게더이쁠가같은데,"
        0
      "
366, 강동현  ,lg는 이미 중국자본에 잠식된거 같고 그래도 대한민국 마지막희망 삼성전자 응원한다,"
        1
      "
367, 뉙넹임  ,애플 작작까라....뭐 기능어떤지 호평이 좀 있나 볼려했더만 괜히 애플 까다가 댓글에서 죄다 싸우고 있네,"
        1
      "
368, 뉙넹임  ,인덕션이 아니라 주방을 통째로 가져다 논듯,"
        1
      "
369, 김민재  ,옴니아부터 갤노트10+까지 삼성에 만족한적이 단한번도 없다. 터치감부터 카메라 색감 그외 기능까지 디자인은 역대급 촌스러워. 표기스펙만보면 최강 막상써보면 ㅈ같음. 노트 10+ 10달도 안가 번인현상오고 와이파이짱짱해도 모서리 부분만 잡으면 끊기는거보고 경악했다.  배터리광탈까지 생기던데 이야..,"
        0
      "
370, 방랑객WON  ,유튜브 초보분들삼성20하나면 충분하겠네요가격이 좀비싸겠지요 ?잘봤읍니다 굿은날씨에 건강하십시요,"
        1
      "
371, 뉙넹임  ,왜ㅐㅐㅐㅐㅐㅐ 도대체 아이폰 색감이랑 질좀 따라해줘 원가절감 그만하고 ㅠㅠㅠ 옆동네는 보급형애도 똑같은 칩셋넣어주고 ois넣어주고 난리났는데 여긴 급나누기로 ㄹㅇ 난리났네 ㅠㅠㅠㅠ 색 도대체 누가 뽑는거임.... 아이폰처럼 질감이라도 좀 살려서 오래보면 적응되고 예쁜 디자인좀 뽑아라.... 노트 10때는 그나마 아저씨 컬러 빼면 디자인은 괜찮더만....,"
        1
      "
372, 西巴k국뽕  ,삼성이 이젠 중국폰 따라하네 ㅋㅋㅋ,"
        0
      "
373, *꧁༺리바이༻꧂*  ,님들아~ 나 핸드폰 1년지나서 딴걸로 살려고 그러는데 저 핸드폰이 나음? 아님 다른게 더 좋음?,"
        0
      "
374, Kwak Brian  ,S20과 비슷하게 망할것같네요..디자인도 좀 중국폰같고,"
        0
      "
375, 머선일이고  ,여기 부정적댓글다는 애들은 폰살돈없는 걸배이들ㅋㅋ,"
        0
      "
376, 현지은  ,이젠S20의 유행은 끝~울엄마가 S20인데...나오자마자삼....우리아빠는 또 S20노트살란다...그리고또 새로운게나올뜻ㅋㅋㅋ,"
        0
      "
377, 윤성TV  ,VERY GOOD☆,"
        1
      "
378, 류준우  ,잘뽑앗노,"
        3
      "
379, 다다다  ,여자들이 쓰기 불편한크기니까 또 거품무는애들 나오겠네???,"
        1
      "
380, hyunmin Lee  ,노트사용자인데요구지  삼성폰  비싼돈드리고폰살피요없어요 비싼돈사봣자  삼성as센터는  무상as는커녕 산지1년 도 안된폰  조금만  내구성고장도절데  부품교체는커녕 오희려  엔지니어가 고객과말다툼으로싸움걸며  절때그럴리없으니 멀쩡하다며그냥쓰시라고 고객을돌려보내요  그러니삼성은  고객한테폰팔곤돈먹는  장사치고 as는남들다하니  뽀대나는 장사하는셈,"
        2
      "
381, 천은정  ,내나이50 일반아줌마다이쁘기는  개코래라일년에  맛사지  한번 안하는이팔청춘  아가씨냐?하루하루 살기도  벅차다자다  숨 안쉬면 그길로  가겠지너건  이  세상이  좋냐?난  하늘만 보고  버티는. .있을때  잘해라이재용  너는!,"
        0
      "
382, 김선희  ,나도 이거 같고싶은데 엄마 아빠가 돈없다고 막그럴 걸요 엄마 아빠가 중학교때 사주신데요,"
        0
      "
